Domain,Emails
fmprc.gov.cn,No emails found
mid.ru,No emails found
mea.gov.in,No emails found
mofa.gov.vn,No emails found
mfa.gov.eg,No emails found
mfa.go.th,No emails found
immigration.go.th,No emails found
mfa.gov.tr,No emails found
goc.gov.tr,No emails found
kemlu.go.id,No emails found
imigrasi.go.id,No emails found
itamaraty.gov.br,No emails found
homeaffairs.gov.au,No emails found
abf.gov.au,No emails found
state.gov,No emails found
uscis.gov,No emails found
mofa.go.jp,No emails found
isa.go.jp,No emails found
dha.gov.za,No emails found
interior.go.ke,No emails found
immigration.go.ke,No emails found
immigration.go.tz,No emails found
nepalimmigration.gov.np,No emails found
diplomatie.ma,No emails found
immigration.diplomatie.ma,No emails found
migraciones.gob.pe,No emails found
cancilleria.gob.bo,No emails found
migracion.gob.bo,No emails found
gov.uk,No emails found
diplomatie.gouv.fr,No emails found
auswaertiges-amt.de,No emails found
esteri.it,No emails found
government.nl,No emails found
sem.admin.ch,No emails found
bmi.gv.at,No emails found
mfa.gr,No emails found
sef.pt,No emails found
diplomatie.belgium.be,No emails found
mvcr.cz,No emails found
gov.pl,No emails found
migrationsverket.se,No emails found
cancilleria.gov.co,No emails found
migracioncolombia.gov.co,No emails found
gob.mx,No emails found
migraciones.gob.ar,No emails found
foreignaffairs.gov.ng,No emails found
immigration.gov.ng,No emails found
mfa.gov.sg,No emails found
ica.gov.sg,No emails found
mfat.govt.nz,No emails found
immigration.govt.nz,No emails found
mofa.go.kr,No emails found
immigration.go.kr,No emails found
kln.gov.my,No emails found
imi.gov.my,No emails found
dfa.gov.ph,No emails found
immigration.gov.ph,No emails found
bmeia.gv.at,No emails found
international.gc.ca,No emails found
